exploration_percentage,result
0.0,2.59207019477991
0.05,2.037777074513192
0.1,2.393384042077159
