exploration_percentage,result
0.54743469403389278,4.685387143381393
0.71340307030657413,4.527016118470756
