route_random_sigma,result
0.0,2.895997981061106
0.2,3.306667002588571
0.6,3.877790356417941
0.9,3.5816314351476923
