re_route_every_ticks,result
0,2.236105455937812
5,2.195187022206403
10,2.246667520343327
15,2.4209567196411412
20,2.198111388873938
